date,category,total_cases,reported,spk_issued,invoice,paid,pct_reported,pct_spk,pct_invoice,pct_paid
2026-05-01,grab_oona,1987.0,1987.0,1920.0,1914.0,1379.0,100.0,96.63,96.33,69.4
2026-05-01,grab_avrist,1590.0,1590.0,1526.0,1526.0,1271.0,100.0,95.97,95.97,79.94
2026-05-01,nongrab_oona,57.0,57.0,57.0,56.0,0.0,100.0,100.0,98.25,0.0
2026-05-01,nongrab_avrist,226.0,226.0,223.0,222.0,108.0,100.0,98.67,98.23,47.79
2026-05-01,nongrab_sinarmas,92.0,92.0,92.0,89.0,0.0,100.0,100.0,96.74,0.0
2026-05-01,grab_allrisk,22.0,22.0,22.0,21.0,0.0,100.0,100.0,95.45,0.0
2026-05-01,nongrab_allrisk,1647.0,1471.0,1150.0,636.0,210.0,89.31,69.82,38.62,12.75
2026-05-02,grab_oona,2013.0,2013.0,1945.0,1938.0,1388.0,100.0,96.62,96.27,68.95
2026-05-02,grab_avrist,1600.0,1600.0,1535.0,1535.0,1278.0,100.0,95.94,95.94,79.88
2026-05-02,nongrab_oona,57.0,57.0,57.0,56.0,0.0,100.0,100.0,98.25,0.0
2026-05-02,nongrab_avrist,238.0,238.0,235.0,234.0,110.0,100.0,98.74,98.32,46.22
2026-05-02,nongrab_sinarmas,96.0,96.0,96.0,92.0,0.0,100.0,100.0,95.83,0.0
2026-05-02,grab_allrisk,22.0,22.0,22.0,21.0,0.0,100.0,100.0,95.45,0.0
2026-05-02,nongrab_allrisk,1657.0,1490.0,1208.0,636.0,210.0,89.92,72.9,38.38,12.67
2026-05-03,grab_oona,2016.0,2016.0,1948.0,1941.0,1388.0,100.0,96.63,96.28,68.85
2026-05-03,grab_avrist,1602.0,1602.0,1537.0,1537.0,1278.0,100.0,95.94,95.94,79.78
2026-05-03,nongrab_oona,57.0,57.0,57.0,56.0,0.0,100.0,100.0,98.25,0.0
2026-05-03,nongrab_avrist,238.0,238.0,235.0,234.0,110.0,100.0,98.74,98.32,46.22
2026-05-03,nongrab_sinarmas,97.0,97.0,97.0,93.0,0.0,100.0,100.0,95.88,0.0
2026-05-03,grab_allrisk,22.0,22.0,22.0,21.0,0.0,100.0,100.0,95.45,0.0
2026-05-03,nongrab_allrisk,1659.0,1490.0,1209.0,636.0,210.0,89.81,72.88,38.34,12.66
2026-05-04,grab_oona,2052.0,2052.0,1980.0,1973.0,1403.0,100.0,96.49,96.15,68.37
2026-05-04,grab_avrist,1615.0,1615.0,1549.0,1549.0,1287.0,100.0,95.91,95.91,79.69
2026-05-04,nongrab_oona,58.0,58.0,58.0,57.0,0.0,100.0,100.0,98.28,0.0
2026-05-04,nongrab_avrist,257.0,257.0,251.0,250.0,116.0,100.0,97.67,97.28,45.14
2026-05-04,nongrab_sinarmas,100.0,100.0,100.0,96.0,0.0,100.0,100.0,96.0,0.0
2026-05-04,grab_allrisk,22.0,22.0,22.0,21.0,0.0,100.0,100.0,95.45,0.0
2026-05-04,nongrab_allrisk,1673.0,1506.0,1222.0,636.0,210.0,90.02,73.04,38.02,12.55
2026-05-05,grab_oona,2092.0,2092.0,2020.0,2012.0,1419.0,100.0,96.56,96.18,67.83
2026-05-05,grab_avrist,1631.0,1631.0,1565.0,1565.0,1297.0,100.0,95.95,95.95,79.52
2026-05-05,nongrab_oona,60.0,60.0,60.0,59.0,0.0,100.0,100.0,98.33,0.0
2026-05-05,nongrab_avrist,270.0,270.0,264.0,263.0,122.0,100.0,97.78,97.41,45.19
2026-05-05,nongrab_sinarmas,108.0,108.0,108.0,103.0,0.0,100.0,100.0,95.37,0.0
2026-05-05,grab_allrisk,23.0,23.0,23.0,22.0,0.0,100.0,100.0,95.65,0.0
2026-05-05,nongrab_allrisk,1691.0,1532.0,1263.0,636.0,210.0,90.6,74.69,37.61,12.42
2026-05-06,grab_oona,2136.0,2136.0,2063.0,2055.0,1436.0,100.0,96.58,96.21,67.23
2026-05-06,grab_avrist,1650.0,1650.0,1583.0,1583.0,1312.0,100.0,95.94,95.94,79.52
2026-05-06,nongrab_oona,63.0,63.0,63.0,62.0,0.0,100.0,100.0,98.41,0.0
2026-05-06,nongrab_avrist,286.0,286.0,280.0,279.0,124.0,100.0,97.9,97.55,43.36
2026-05-06,nongrab_sinarmas,114.0,114.0,114.0,109.0,0.0,100.0,100.0,95.61,0.0
2026-05-06,grab_allrisk,23.0,23.0,23.0,22.0,0.0,100.0,100.0,95.65,0.0
2026-05-06,nongrab_allrisk,1713.0,1560.0,1264.0,636.0,244.0,91.07,73.79,37.13,14.24
2026-05-07,grab_oona,2186.0,2186.0,2111.0,2103.0,1443.0,100.0,96.57,96.2,66.01
2026-05-07,grab_avrist,1669.0,1669.0,1600.0,1600.0,1318.0,100.0,95.87,95.87,78.97
2026-05-07,nongrab_oona,65.0,65.0,65.0,64.0,0.0,100.0,100.0,98.46,0.0
2026-05-07,nongrab_avrist,306.0,306.0,300.0,299.0,125.0,100.0,98.04,97.71,40.85
2026-05-07,nongrab_sinarmas,123.0,123.0,123.0,118.0,0.0,100.0,100.0,95.93,0.0
2026-05-07,grab_allrisk,23.0,23.0,23.0,22.0,0.0,100.0,100.0,95.65,0.0
2026-05-07,nongrab_allrisk,1734.0,1599.0,1288.0,636.0,244.0,92.21,74.28,36.68,14.07
2026-05-08,grab_oona,2239.0,2239.0,2163.0,2155.0,1443.0,100.0,96.61,96.25,64.45
2026-05-08,grab_avrist,1684.0,1684.0,1615.0,1615.0,1318.0,100.0,95.9,95.9,78.27
2026-05-08,nongrab_oona,65.0,65.0,65.0,64.0,0.0,100.0,100.0,98.46,0.0
2026-05-08,nongrab_avrist,329.0,329.0,322.0,321.0,125.0,100.0,97.87,97.57,37.99
2026-05-08,nongrab_sinarmas,138.0,138.0,138.0,133.0,0.0,100.0,100.0,96.38,0.0
2026-05-08,grab_allrisk,23.0,23.0,23.0,22.0,0.0,100.0,100.0,95.65,0.0
2026-05-08,nongrab_allrisk,1749.0,1607.0,1329.0,685.0,244.0,91.88,75.99,39.17,13.95
2026-05-09,grab_oona,2257.0,2257.0,2181.0,2173.0,1443.0,100.0,96.63,96.28,63.93
2026-05-09,grab_avrist,1693.0,1693.0,1624.0,1624.0,1318.0,100.0,95.92,95.92,77.85
2026-05-09,nongrab_oona,65.0,65.0,65.0,64.0,0.0,100.0,100.0,98.46,0.0
2026-05-09,nongrab_avrist,334.0,334.0,327.0,326.0,125.0,100.0,97.9,97.6,37.43
2026-05-09,nongrab_sinarmas,142.0,142.0,142.0,137.0,0.0,100.0,100.0,96.48,0.0
2026-05-09,grab_allrisk,23.0,23.0,23.0,22.0,0.0,100.0,100.0,95.65,0.0
2026-05-09,nongrab_allrisk,1758.0,1607.0,1356.0,685.0,244.0,91.41,77.13,38.96,13.88
2026-05-10,grab_oona,2258.0,2258.0,2182.0,2174.0,1443.0,100.0,96.63,96.28,63.91
2026-05-10,grab_avrist,1694.0,1694.0,1625.0,1625.0,1318.0,100.0,95.93,95.93,77.8
2026-05-10,nongrab_oona,65.0,65.0,65.0,64.0,0.0,100.0,100.0,98.46,0.0
2026-05-10,nongrab_avrist,334.0,334.0,327.0,326.0,125.0,100.0,97.9,97.6,37.43
2026-05-10,nongrab_sinarmas,142.0,142.0,142.0,137.0,0.0,100.0,100.0,96.48,0.0
2026-05-10,grab_allrisk,23.0,23.0,23.0,22.0,0.0,100.0,100.0,95.65,0.0
2026-05-10,nongrab_allrisk,1759.0,1607.0,1356.0,685.0,244.0,91.36,77.09,38.94,13.87
2026-05-11,grab_oona,2298.0,2298.0,2222.0,2214.0,1445.0,100.0,96.69,96.34,62.88
2026-05-11,grab_avrist,1711.0,1711.0,1642.0,1642.0,1320.0,100.0,95.97,95.97,77.15
2026-05-11,nongrab_oona,69.0,69.0,69.0,68.0,0.0,100.0,100.0,98.55,0.0
2026-05-11,nongrab_avrist,345.0,345.0,338.0,337.0,125.0,100.0,97.97,97.68,36.23
2026-05-11,nongrab_sinarmas,150.0,150.0,150.0,145.0,0.0,100.0,100.0,96.67,0.0
2026-05-11,grab_allrisk,23.0,23.0,23.0,22.0,0.0,100.0,100.0,95.65,0.0
2026-05-11,nongrab_allrisk,1780.0,1636.0,1358.0,755.0,244.0,91.91,76.29,42.42,13.71
2026-05-12,grab_oona,2335.0,2335.0,2258.0,2250.0,1445.0,100.0,96.7,96.36,61.88
2026-05-12,grab_avrist,1729.0,1729.0,1659.0,1659.0,1320.0,100.0,95.95,95.95,76.34
2026-05-12,nongrab_oona,70.0,70.0,70.0,69.0,0.0,100.0,100.0,98.57,0.0
2026-05-12,nongrab_avrist,356.0,356.0,349.0,348.0,125.0,100.0,98.03,97.75,35.11
2026-05-12,nongrab_sinarmas,157.0,157.0,157.0,152.0,0.0,100.0,100.0,96.82,0.0
2026-05-12,grab_allrisk,23.0,23.0,23.0,22.0,0.0,100.0,100.0,95.65,0.0
2026-05-12,nongrab_allrisk,1799.0,1654.0,1358.0,755.0,345.0,91.94,75.49,41.97,19.18
2026-05-13,grab_oona,2369.0,2369.0,2291.0,2283.0,1445.0,100.0,96.71,96.37,61.0
2026-05-13,grab_avrist,1743.0,1743.0,1672.0,1672.0,1320.0,100.0,95.93,95.93,75.73
2026-05-13,nongrab_oona,73.0,73.0,73.0,72.0,0.0,100.0,100.0,98.63,0.0
2026-05-13,nongrab_avrist,366.0,366.0,359.0,358.0,125.0,100.0,98.09,97.81,34.15
2026-05-13,nongrab_sinarmas,162.0,162.0,162.0,157.0,0.0,100.0,100.0,96.91,0.0
2026-05-13,grab_allrisk,25.0,25.0,25.0,24.0,0.0,100.0,100.0,96.0,0.0
2026-05-13,nongrab_allrisk,1816.0,1688.0,1384.0,818.0,345.0,92.95,76.21,45.04,19.0
2026-05-14,grab_oona,2374.0,2374.0,2296.0,2288.0,1445.0,100.0,96.71,96.38,60.87
2026-05-14,grab_avrist,1747.0,1747.0,1676.0,1676.0,1320.0,100.0,95.94,95.94,75.56
2026-05-14,nongrab_oona,73.0,73.0,73.0,72.0,0.0,100.0,100.0,98.63,0.0
2026-05-14,nongrab_avrist,367.0,367.0,360.0,359.0,125.0,100.0,98.09,97.82,34.06
2026-05-14,nongrab_sinarmas,162.0,162.0,162.0,157.0,0.0,100.0,100.0,96.91,0.0
2026-05-14,grab_allrisk,25.0,25.0,25.0,24.0,0.0,100.0,100.0,96.0,0.0
2026-05-14,nongrab_allrisk,1820.0,1688.0,1386.0,818.0,345.0,92.75,76.15,44.95,18.96
2026-05-15,grab_oona,2395.0,2395.0,2316.0,2307.0,1445.0,100.0,96.7,96.33,60.33
2026-05-15,grab_avrist,1758.0,1758.0,1686.0,1686.0,1320.0,100.0,95.9,95.9,75.09
2026-05-15,nongrab_oona,75.0,75.0,75.0,73.0,0.0,100.0,100.0,97.33,0.0
2026-05-15,nongrab_avrist,374.0,374.0,367.0,366.0,125.0,100.0,98.13,97.86,33.42
2026-05-15,nongrab_sinarmas,163.0,163.0,163.0,158.0,0.0,100.0,100.0,96.93,0.0
2026-05-15,grab_allrisk,25.0,25.0,25.0,24.0,0.0,100.0,100.0,96.0,0.0
2026-05-15,nongrab_allrisk,1833.0,1711.0,1407.0,844.0,345.0,93.34,76.76,46.04,18.82
2026-05-16,grab_oona,2417.0,2417.0,2337.0,2328.0,1445.0,100.0,96.69,96.32,59.78
2026-05-16,grab_avrist,1769.0,1769.0,1696.0,1696.0,1320.0,100.0,95.87,95.87,74.62
2026-05-16,nongrab_oona,75.0,75.0,75.0,73.0,0.0,100.0,100.0,97.33,0.0
2026-05-16,nongrab_avrist,380.0,380.0,373.0,372.0,125.0,100.0,98.16,97.89,32.89
2026-05-16,nongrab_sinarmas,168.0,168.0,168.0,163.0,0.0,100.0,100.0,97.02,0.0
2026-05-16,grab_allrisk,25.0,25.0,25.0,24.0,0.0,100.0,100.0,96.0,0.0
2026-05-16,nongrab_allrisk,1844.0,1711.0,1407.0,844.0,345.0,92.79,76.3,45.77,18.71
2026-05-17,grab_oona,2423.0,2423.0,2343.0,2334.0,1445.0,100.0,96.7,96.33,59.64
2026-05-17,grab_avrist,1774.0,1774.0,1701.0,1701.0,1320.0,100.0,95.89,95.89,74.41
2026-05-17,nongrab_oona,75.0,75.0,75.0,73.0,0.0,100.0,100.0,97.33,0.0
2026-05-17,nongrab_avrist,380.0,380.0,373.0,372.0,125.0,100.0,98.16,97.89,32.89
2026-05-17,nongrab_sinarmas,169.0,169.0,169.0,164.0,0.0,100.0,100.0,97.04,0.0
2026-05-17,grab_allrisk,25.0,25.0,25.0,24.0,0.0,100.0,100.0,96.0,0.0
2026-05-17,nongrab_allrisk,1849.0,1711.0,1407.0,845.0,345.0,92.54,76.1,45.7,18.66
2026-05-18,grab_oona,2461.0,2461.0,2378.0,2369.0,1445.0,100.0,96.63,96.26,58.72
2026-05-18,grab_avrist,1788.0,1788.0,1712.0,1712.0,1320.0,100.0,95.75,95.75,73.83
2026-05-18,nongrab_oona,76.0,76.0,76.0,74.0,0.0,100.0,100.0,97.37,0.0
2026-05-18,nongrab_avrist,395.0,395.0,388.0,387.0,125.0,100.0,98.23,97.97,31.65
2026-05-18,nongrab_sinarmas,177.0,177.0,177.0,172.0,0.0,100.0,100.0,97.18,0.0
2026-05-18,grab_allrisk,25.0,25.0,25.0,24.0,0.0,100.0,100.0,96.0,0.0
2026-05-18,nongrab_allrisk,1864.0,1711.0,1409.0,845.0,345.0,91.79,75.59,45.33,18.51
2026-05-19,grab_oona,2500.0,2500.0,2417.0,2408.0,1445.0,100.0,96.68,96.32,57.8
2026-05-19,grab_avrist,1802.0,1802.0,1726.0,1726.0,1320.0,100.0,95.78,95.78,73.25
2026-05-19,nongrab_oona,78.0,78.0,78.0,76.0,0.0,100.0,100.0,97.44,0.0
2026-05-19,nongrab_avrist,408.0,408.0,401.0,400.0,125.0,100.0,98.28,98.04,30.64
2026-05-19,nongrab_sinarmas,187.0,187.0,187.0,182.0,0.0,100.0,100.0,97.33,0.0
2026-05-19,grab_allrisk,25.0,25.0,25.0,24.0,0.0,100.0,100.0,96.0,0.0
2026-05-19,nongrab_allrisk,1880.0,1739.0,1467.0,857.0,403.0,92.5,78.03,45.59,21.44
2026-05-20,grab_oona,2536.0,2536.0,2451.0,2442.0,1445.0,100.0,96.65,96.29,56.98
2026-05-20,grab_avrist,1816.0,1816.0,1739.0,1739.0,1320.0,100.0,95.76,95.76,72.69
2026-05-20,nongrab_oona,82.0,82.0,82.0,80.0,0.0,100.0,100.0,97.56,0.0
2026-05-20,nongrab_avrist,422.0,422.0,414.0,413.0,125.0,100.0,98.1,97.87,29.62
2026-05-20,nongrab_sinarmas,191.0,191.0,191.0,186.0,0.0,100.0,100.0,97.38,0.0
2026-05-20,grab_allrisk,25.0,25.0,25.0,24.0,0.0,100.0,100.0,96.0,0.0
2026-05-20,nongrab_allrisk,1898.0,1747.0,1467.0,923.0,404.0,92.04,77.29,48.63,21.29
2026-05-21,grab_oona,2577.0,2577.0,2488.0,2479.0,1445.0,100.0,96.55,96.2,56.07
2026-05-21,grab_avrist,1834.0,1834.0,1753.0,1753.0,1320.0,100.0,95.58,95.58,71.97
2026-05-21,nongrab_oona,83.0,83.0,83.0,81.0,0.0,100.0,100.0,97.59,0.0
2026-05-21,nongrab_avrist,437.0,437.0,429.0,428.0,125.0,100.0,98.17,97.94,28.6
2026-05-21,nongrab_sinarmas,198.0,198.0,198.0,193.0,0.0,100.0,100.0,97.47,0.0
2026-05-21,grab_allrisk,25.0,25.0,25.0,24.0,0.0,100.0,100.0,96.0,0.0
2026-05-21,nongrab_allrisk,1917.0,1785.0,1505.0,961.0,408.0,93.11,78.51,50.13,21.28
2026-05-22,grab_oona,2599.0,2599.0,2510.0,2500.0,1445.0,100.0,96.58,96.19,55.6
2026-05-22,grab_avrist,1844.0,1844.0,1763.0,1763.0,1320.0,100.0,95.61,95.61,71.58
2026-05-22,nongrab_oona,83.0,83.0,83.0,81.0,0.0,100.0,100.0,97.59,0.0
2026-05-22,nongrab_avrist,442.0,442.0,434.0,433.0,125.0,100.0,98.19,97.96,28.28
2026-05-22,nongrab_sinarmas,204.0,204.0,204.0,199.0,0.0,100.0,100.0,97.55,0.0
2026-05-22,grab_allrisk,26.0,26.0,26.0,24.0,0.0,100.0,100.0,92.31,0.0
2026-05-22,nongrab_allrisk,1927.0,1804.0,1531.0,961.0,408.0,93.62,79.45,49.87,21.17
2026-05-23,grab_oona,2620.0,2620.0,2530.0,2520.0,1445.0,100.0,96.56,96.18,55.15
2026-05-23,grab_avrist,1855.0,1855.0,1773.0,1773.0,1320.0,100.0,95.58,95.58,71.16
2026-05-23,nongrab_oona,83.0,83.0,83.0,81.0,0.0,100.0,100.0,97.59,0.0
2026-05-23,nongrab_avrist,447.0,447.0,439.0,438.0,125.0,100.0,98.21,97.99,27.96
2026-05-23,nongrab_sinarmas,209.0,209.0,209.0,204.0,0.0,100.0,100.0,97.61,0.0
2026-05-23,grab_allrisk,26.0,26.0,26.0,24.0,0.0,100.0,100.0,92.31,0.0
2026-05-23,nongrab_allrisk,1938.0,1811.0,1537.0,961.0,408.0,93.45,79.31,49.59,21.05
2026-05-24,grab_oona,2623.0,2623.0,2532.0,2522.0,1445.0,100.0,96.53,96.15,55.09
2026-05-24,grab_avrist,1858.0,1858.0,1775.0,1775.0,1320.0,100.0,95.53,95.53,71.04
2026-05-24,nongrab_oona,83.0,83.0,83.0,81.0,0.0,100.0,100.0,97.59,0.0
2026-05-24,nongrab_avrist,447.0,447.0,439.0,438.0,125.0,100.0,98.21,97.99,27.96
2026-05-24,nongrab_sinarmas,209.0,209.0,209.0,204.0,0.0,100.0,100.0,97.61,0.0
2026-05-24,grab_allrisk,26.0,26.0,26.0,24.0,0.0,100.0,100.0,92.31,0.0
2026-05-24,nongrab_allrisk,1941.0,1813.0,1537.0,961.0,408.0,93.41,79.19,49.51,21.02
2026-05-25,grab_oona,2669.0,2669.0,2569.0,2559.0,1445.0,100.0,96.25,95.88,54.14
2026-05-25,grab_avrist,1882.0,1882.0,1794.0,1794.0,1320.0,100.0,95.32,95.32,70.14
2026-05-25,nongrab_oona,85.0,85.0,85.0,83.0,0.0,100.0,100.0,97.65,0.0
2026-05-25,nongrab_avrist,463.0,463.0,451.0,450.0,125.0,100.0,97.41,97.19,27.0
2026-05-25,nongrab_sinarmas,213.0,213.0,213.0,208.0,0.0,100.0,100.0,97.65,0.0
2026-05-25,grab_allrisk,26.0,26.0,26.0,24.0,0.0,100.0,100.0,92.31,0.0
2026-05-25,nongrab_allrisk,1967.0,1817.0,1548.0,1059.0,408.0,92.37,78.7,53.84,20.74
2026-05-26,grab_oona,2704.0,2704.0,2595.0,2585.0,1445.0,100.0,95.97,95.6,53.44
2026-05-26,grab_avrist,1898.0,1898.0,1808.0,1808.0,1320.0,100.0,95.26,95.26,69.55
2026-05-26,nongrab_oona,86.0,86.0,86.0,84.0,0.0,100.0,100.0,97.67,0.0
2026-05-26,nongrab_avrist,477.0,477.0,458.0,457.0,125.0,100.0,96.02,95.81,26.21
2026-05-26,nongrab_sinarmas,216.0,216.0,216.0,211.0,0.0,100.0,100.0,97.69,0.0
2026-05-26,grab_allrisk,27.0,27.0,27.0,25.0,0.0,100.0,100.0,92.59,0.0
2026-05-26,nongrab_allrisk,1984.0,1822.0,1575.0,1102.0,479.0,91.83,79.39,55.54,24.14
2026-05-27,grab_oona,2708.0,2708.0,2597.0,2587.0,1445.0,100.0,95.9,95.53,53.36
2026-05-27,grab_avrist,1898.0,1898.0,1808.0,1808.0,1320.0,100.0,95.26,95.26,69.55
2026-05-27,nongrab_oona,86.0,86.0,86.0,84.0,0.0,100.0,100.0,97.67,0.0
2026-05-27,nongrab_avrist,480.0,480.0,459.0,458.0,125.0,100.0,95.63,95.42,26.04
2026-05-27,nongrab_sinarmas,217.0,217.0,217.0,212.0,0.0,100.0,100.0,97.7,0.0
2026-05-27,grab_allrisk,27.0,27.0,27.0,25.0,0.0,100.0,100.0,92.59,0.0
2026-05-27,nongrab_allrisk,1984.0,1822.0,1575.0,1102.0,479.0,91.83,79.39,55.54,24.14
2026-05-28,grab_oona,2753.0,2753.0,2636.0,2626.0,1445.0,100.0,95.75,95.39,52.49
2026-05-28,grab_avrist,1918.0,1918.0,1827.0,1827.0,1320.0,100.0,95.26,95.26,68.82
2026-05-28,nongrab_oona,88.0,88.0,88.0,86.0,0.0,100.0,100.0,97.73,0.0
2026-05-28,nongrab_avrist,495.0,495.0,469.0,468.0,125.0,100.0,94.75,94.55,25.25
2026-05-28,nongrab_sinarmas,225.0,225.0,225.0,220.0,0.0,100.0,100.0,97.78,0.0
2026-05-28,grab_allrisk,27.0,27.0,27.0,25.0,0.0,100.0,100.0,92.59,0.0
2026-05-28,nongrab_allrisk,2006.0,1846.0,1576.0,1102.0,479.0,92.02,78.56,54.94,23.88
2026-05-29,grab_oona,2800.0,2800.0,2680.0,2669.0,1445.0,100.0,95.71,95.32,51.61
2026-05-29,grab_avrist,1937.0,1937.0,1845.0,1845.0,1320.0,100.0,95.25,95.25,68.15
2026-05-29,nongrab_oona,89.0,89.0,89.0,87.0,0.0,100.0,100.0,97.75,0.0
2026-05-29,nongrab_avrist,512.0,512.0,484.0,483.0,125.0,100.0,94.53,94.34,24.41
2026-05-29,nongrab_sinarmas,234.0,234.0,234.0,229.0,0.0,100.0,100.0,97.86,0.0
2026-05-29,grab_allrisk,28.0,28.0,28.0,25.0,0.0,100.0,100.0,89.29,0.0
2026-05-29,nongrab_allrisk,2026.0,1847.0,1613.0,1102.0,482.0,91.16,79.62,54.39,23.79
2026-05-30,grab_oona,2824.0,2824.0,2701.0,2690.0,1445.0,100.0,95.64,95.25,51.17
2026-05-30,grab_avrist,1947.0,1947.0,1853.0,1853.0,1320.0,100.0,95.17,95.17,67.8
2026-05-30,nongrab_oona,90.0,90.0,90.0,88.0,0.0,100.0,100.0,97.78,0.0
2026-05-30,nongrab_avrist,520.0,520.0,491.0,490.0,125.0,100.0,94.42,94.23,24.04
2026-05-30,nongrab_sinarmas,239.0,239.0,239.0,234.0,0.0,100.0,100.0,97.91,0.0
2026-05-30,grab_allrisk,28.0,28.0,28.0,25.0,0.0,100.0,100.0,89.29,0.0
2026-05-30,nongrab_allrisk,2037.0,1847.0,1613.0,1102.0,482.0,90.67,79.19,54.1,23.66
2026-05-31,grab_oona,2825.0,2825.0,2702.0,2691.0,1445.0,100.0,95.65,95.26,51.15
2026-05-31,grab_avrist,1947.0,1947.0,1853.0,1853.0,1320.0,100.0,95.17,95.17,67.8
2026-05-31,nongrab_oona,90.0,90.0,90.0,88.0,0.0,100.0,100.0,97.78,0.0
2026-05-31,nongrab_avrist,520.0,520.0,491.0,490.0,125.0,100.0,94.42,94.23,24.04
2026-05-31,nongrab_sinarmas,240.0,240.0,240.0,235.0,0.0,100.0,100.0,97.92,0.0
2026-05-31,grab_allrisk,28.0,28.0,28.0,25.0,0.0,100.0,100.0,89.29,0.0
2026-05-31,nongrab_allrisk,2037.0,1847.0,1613.0,1102.0,482.0,90.67,79.19,54.1,23.66
2026-06-01,grab_oona,2852.0,2852.0,2726.0,2715.0,1445.0,100.0,95.58,95.2,50.67
2026-06-01,grab_avrist,1958.0,1958.0,1864.0,1864.0,1320.0,100.0,95.2,95.2,67.42
2026-06-01,nongrab_oona,94.0,94.0,94.0,92.0,0.0,100.0,100.0,97.87,0.0
2026-06-01,nongrab_avrist,528.0,528.0,496.0,495.0,125.0,100.0,93.94,93.75,23.67
2026-06-01,nongrab_sinarmas,244.0,244.0,244.0,239.0,0.0,100.0,100.0,97.95,0.0
2026-06-01,grab_allrisk,28.0,28.0,28.0,25.0,0.0,100.0,100.0,89.29,0.0
2026-06-01,nongrab_allrisk,2052.0,1847.0,1613.0,1102.0,482.0,90.01,78.61,53.7,23.49
2026-06-02,grab_oona,2894.0,2894.0,2766.0,2755.0,1445.0,100.0,95.58,95.2,49.93
2026-06-02,grab_avrist,1974.0,1974.0,1878.0,1878.0,1320.0,100.0,95.14,95.14,66.87
2026-06-02,nongrab_oona,95.0,95.0,95.0,93.0,0.0,100.0,100.0,97.89,0.0
2026-06-02,nongrab_avrist,545.0,545.0,513.0,512.0,125.0,100.0,94.13,93.94,22.94
2026-06-02,nongrab_sinarmas,252.0,252.0,252.0,247.0,0.0,100.0,100.0,98.02,0.0
2026-06-02,grab_allrisk,28.0,28.0,28.0,25.0,0.0,100.0,100.0,89.29,0.0
2026-06-02,nongrab_allrisk,2069.0,1849.0,1625.0,1166.0,482.0,89.37,78.54,56.36,23.3
2026-06-03,grab_oona,2937.0,2937.0,2796.0,2784.0,1445.0,100.0,95.2,94.79,49.2
2026-06-03,grab_avrist,1992.0,1992.0,1889.0,1889.0,1320.0,100.0,94.83,94.83,66.27
2026-06-03,nongrab_oona,96.0,96.0,96.0,94.0,0.0,100.0,100.0,97.92,0.0
2026-06-03,nongrab_avrist,559.0,559.0,521.0,520.0,125.0,100.0,93.2,93.02,22.36
2026-06-03,nongrab_sinarmas,261.0,261.0,261.0,256.0,0.0,100.0,100.0,98.08,0.0
2026-06-03,grab_allrisk,29.0,29.0,29.0,25.0,0.0,100.0,100.0,86.21,0.0
2026-06-03,nongrab_allrisk,2088.0,1886.0,1660.0,1233.0,482.0,90.33,79.5,59.05,23.08
2026-06-04,grab_oona,2981.0,2981.0,2826.0,2814.0,1445.0,100.0,94.8,94.4,48.47
2026-06-04,grab_avrist,2005.0,2005.0,1898.0,1898.0,1320.0,100.0,94.66,94.66,65.84
2026-06-04,nongrab_oona,100.0,100.0,100.0,98.0,0.0,100.0,100.0,98.0,0.0
2026-06-04,nongrab_avrist,574.0,574.0,526.0,525.0,125.0,100.0,91.64,91.46,21.78
2026-06-04,nongrab_sinarmas,273.0,273.0,273.0,268.0,0.0,100.0,100.0,98.17,0.0
2026-06-04,grab_allrisk,29.0,29.0,29.0,25.0,0.0,100.0,100.0,86.21,0.0
2026-06-04,nongrab_allrisk,2105.0,1959.0,1713.0,1233.0,482.0,93.06,81.38,58.57,22.9
2026-06-05,grab_oona,3027.0,3027.0,2857.0,2844.0,1445.0,100.0,94.38,93.95,47.74
2026-06-05,grab_avrist,2027.0,2027.0,1914.0,1913.0,1320.0,100.0,94.43,94.38,65.12
2026-06-05,nongrab_oona,102.0,102.0,102.0,100.0,0.0,100.0,100.0,98.04,0.0
2026-06-05,nongrab_avrist,592.0,592.0,535.0,534.0,125.0,100.0,90.37,90.2,21.11
2026-06-05,nongrab_sinarmas,277.0,277.0,277.0,272.0,0.0,100.0,100.0,98.19,0.0
2026-06-05,grab_allrisk,29.0,29.0,29.0,25.0,0.0,100.0,100.0,86.21,0.0
2026-06-05,nongrab_allrisk,2129.0,1985.0,1727.0,1328.0,570.0,93.24,81.12,62.38,26.77
2026-06-06,grab_oona,3054.0,3054.0,2877.0,2863.0,1445.0,100.0,94.2,93.75,47.31
2026-06-06,grab_avrist,2033.0,2033.0,1919.0,1918.0,1320.0,100.0,94.39,94.34,64.93
2026-06-06,nongrab_oona,102.0,102.0,102.0,100.0,0.0,100.0,100.0,98.04,0.0
2026-06-06,nongrab_avrist,604.0,604.0,541.0,540.0,125.0,100.0,89.57,89.4,20.7
2026-06-06,nongrab_sinarmas,285.0,285.0,285.0,279.0,0.0,100.0,100.0,97.89,0.0
2026-06-06,grab_allrisk,30.0,30.0,30.0,26.0,0.0,100.0,100.0,86.67,0.0
2026-06-06,nongrab_allrisk,2135.0,1985.0,1727.0,1328.0,570.0,92.97,80.89,62.2,26.7
2026-06-07,grab_oona,3055.0,3055.0,2878.0,2864.0,1445.0,100.0,94.21,93.75,47.3
2026-06-07,grab_avrist,2034.0,2034.0,1920.0,1919.0,1320.0,100.0,94.4,94.35,64.9
2026-06-07,nongrab_oona,102.0,102.0,102.0,100.0,0.0,100.0,100.0,98.04,0.0
2026-06-07,nongrab_avrist,604.0,604.0,541.0,540.0,125.0,100.0,89.57,89.4,20.7
2026-06-07,nongrab_sinarmas,285.0,285.0,285.0,279.0,0.0,100.0,100.0,97.89,0.0
2026-06-07,grab_allrisk,30.0,30.0,30.0,26.0,0.0,100.0,100.0,86.67,0.0
2026-06-07,nongrab_allrisk,2136.0,1985.0,1727.0,1328.0,570.0,92.93,80.85,62.17,26.69
2026-06-08,grab_oona,3114.0,3114.0,2918.0,2903.0,1445.0,100.0,93.71,93.22,46.4
2026-06-08,grab_avrist,2051.0,2051.0,1929.0,1928.0,1320.0,100.0,94.05,94.0,64.36
2026-06-08,nongrab_oona,103.0,103.0,103.0,101.0,0.0,100.0,100.0,98.06,0.0
2026-06-08,nongrab_avrist,628.0,628.0,554.0,553.0,125.0,100.0,88.22,88.06,19.9
2026-06-08,nongrab_sinarmas,301.0,301.0,301.0,295.0,0.0,100.0,100.0,98.01,0.0
2026-06-08,grab_allrisk,31.0,31.0,31.0,26.0,0.0,100.0,100.0,83.87,0.0
2026-06-08,nongrab_allrisk,2154.0,2002.0,1814.0,1385.0,573.0,92.94,84.22,64.3,26.6
2026-06-09,grab_oona,3161.0,3161.0,2957.0,2941.0,1445.0,100.0,93.55,93.04,45.71
2026-06-09,grab_avrist,2072.0,2072.0,1950.0,1948.0,1320.0,100.0,94.11,94.02,63.71
2026-06-09,nongrab_oona,103.0,103.0,103.0,101.0,0.0,100.0,100.0,98.06,0.0
2026-06-09,nongrab_avrist,643.0,643.0,561.0,560.0,125.0,100.0,87.25,87.09,19.44
2026-06-09,nongrab_sinarmas,312.0,312.0,312.0,306.0,0.0,100.0,100.0,98.08,0.0
2026-06-09,grab_allrisk,31.0,31.0,31.0,26.0,0.0,100.0,100.0,83.87,0.0
2026-06-09,nongrab_allrisk,2175.0,2034.0,1826.0,1424.0,747.0,93.52,83.95,65.47,34.34
2026-06-10,grab_oona,3202.0,3202.0,2986.0,2969.0,1445.0,100.0,93.25,92.72,45.13
2026-06-10,grab_avrist,2088.0,2088.0,1963.0,1961.0,1320.0,100.0,94.01,93.92,63.22
2026-06-10,nongrab_oona,105.0,105.0,105.0,103.0,0.0,100.0,100.0,98.1,0.0
2026-06-10,nongrab_avrist,657.0,657.0,566.0,565.0,125.0,100.0,86.15,86.0,19.03
2026-06-10,nongrab_sinarmas,320.0,320.0,320.0,314.0,0.0,100.0,100.0,98.13,0.0
2026-06-10,grab_allrisk,32.0,32.0,32.0,26.0,0.0,100.0,100.0,81.25,0.0
2026-06-10,nongrab_allrisk,2193.0,2050.0,1826.0,1469.0,747.0,93.48,83.26,66.99,34.06
2026-06-11,grab_oona,3241.0,3241.0,3014.0,2997.0,1445.0,100.0,93.0,92.47,44.59
2026-06-11,grab_avrist,2108.0,2108.0,1980.0,1978.0,1320.0,100.0,93.93,93.83,62.62
2026-06-11,nongrab_oona,106.0,106.0,106.0,104.0,0.0,100.0,100.0,98.11,0.0
2026-06-11,nongrab_avrist,668.0,668.0,569.0,568.0,125.0,100.0,85.18,85.03,18.71
2026-06-11,nongrab_sinarmas,327.0,327.0,327.0,321.0,0.0,100.0,100.0,98.17,0.0
2026-06-11,grab_allrisk,32.0,32.0,32.0,26.0,0.0,100.0,100.0,81.25,0.0
2026-06-11,nongrab_allrisk,2214.0,2050.0,1826.0,1469.0,900.0,92.59,82.48,66.35,40.65
2026-06-12,grab_oona,3292.0,3292.0,3049.0,3032.0,1445.0,100.0,92.62,92.1,43.89
2026-06-12,grab_avrist,2133.0,2133.0,1998.0,1996.0,1320.0,100.0,93.67,93.58,61.88
2026-06-12,nongrab_oona,106.0,106.0,106.0,104.0,0.0,100.0,100.0,98.11,0.0
2026-06-12,nongrab_avrist,684.0,684.0,576.0,575.0,125.0,100.0,84.21,84.06,18.27
2026-06-12,nongrab_sinarmas,337.0,337.0,337.0,331.0,0.0,100.0,100.0,98.22,0.0
2026-06-12,grab_allrisk,32.0,32.0,32.0,26.0,0.0,100.0,100.0,81.25,0.0
2026-06-12,nongrab_allrisk,2239.0,2092.0,1875.0,1469.0,900.0,93.43,83.74,65.61,40.2
2026-06-13,grab_oona,3322.0,3322.0,3072.0,3055.0,1445.0,100.0,92.47,91.96,43.5
2026-06-13,grab_avrist,2148.0,2148.0,2009.0,2007.0,1320.0,100.0,93.53,93.44,61.45
2026-06-13,nongrab_oona,107.0,107.0,107.0,105.0,0.0,100.0,100.0,98.13,0.0
2026-06-13,nongrab_avrist,689.0,689.0,578.0,577.0,125.0,100.0,83.89,83.74,18.14
2026-06-13,nongrab_sinarmas,346.0,346.0,346.0,340.0,0.0,100.0,100.0,98.27,0.0
2026-06-13,grab_allrisk,32.0,32.0,32.0,26.0,0.0,100.0,100.0,81.25,0.0
2026-06-13,nongrab_allrisk,2255.0,2093.0,1875.0,1469.0,900.0,92.82,83.15,65.14,39.91
2026-06-14,grab_oona,3322.0,3322.0,3072.0,3055.0,1445.0,100.0,92.47,91.96,43.5
2026-06-14,grab_avrist,2148.0,2148.0,2009.0,2007.0,1320.0,100.0,93.53,93.44,61.45
2026-06-14,nongrab_oona,107.0,107.0,107.0,105.0,0.0,100.0,100.0,98.13,0.0
2026-06-14,nongrab_avrist,689.0,689.0,578.0,577.0,125.0,100.0,83.89,83.74,18.14
2026-06-14,nongrab_sinarmas,346.0,346.0,346.0,340.0,0.0,100.0,100.0,98.27,0.0
2026-06-14,grab_allrisk,32.0,32.0,32.0,26.0,0.0,100.0,100.0,81.25,0.0
2026-06-14,nongrab_allrisk,2255.0,2093.0,1875.0,1469.0,900.0,92.82,83.15,65.14,39.91
2026-06-15,grab_oona,3359.0,3359.0,3093.0,3076.0,1445.0,100.0,92.08,91.57,43.02
2026-06-15,grab_avrist,2168.0,2168.0,2021.0,2019.0,1320.0,100.0,93.22,93.13,60.89
2026-06-15,nongrab_oona,107.0,107.0,107.0,105.0,0.0,100.0,100.0,98.13,0.0
2026-06-15,nongrab_avrist,699.0,699.0,580.0,579.0,125.0,100.0,82.98,82.83,17.88
2026-06-15,nongrab_sinarmas,353.0,353.0,353.0,347.0,0.0,100.0,100.0,98.3,0.0
2026-06-15,grab_allrisk,32.0,32.0,32.0,26.0,0.0,100.0,100.0,81.25,0.0
2026-06-15,nongrab_allrisk,2275.0,2094.0,1883.0,1524.0,900.0,92.04,82.77,66.99,39.56
2026-06-16,grab_oona,3373.0,3373.0,3105.0,3088.0,1445.0,100.0,92.05,91.55,42.84
2026-06-16,grab_avrist,2170.0,2170.0,2023.0,2021.0,1320.0,100.0,93.23,93.13,60.83
2026-06-16,nongrab_oona,107.0,107.0,107.0,105.0,0.0,100.0,100.0,98.13,0.0
2026-06-16,nongrab_avrist,701.0,701.0,580.0,579.0,125.0,100.0,82.74,82.6,17.83
2026-06-16,nongrab_sinarmas,363.0,363.0,363.0,357.0,0.0,100.0,100.0,98.35,0.0
2026-06-16,grab_allrisk,32.0,32.0,32.0,26.0,0.0,100.0,100.0,81.25,0.0
2026-06-16,nongrab_allrisk,2277.0,2094.0,1883.0,1524.0,900.0,91.96,82.7,66.93,39.53
2026-06-17,grab_oona,3417.0,3417.0,3141.0,3124.0,1445.0,100.0,91.92,91.43,42.29
2026-06-17,grab_avrist,2184.0,2184.0,2036.0,2034.0,1320.0,100.0,93.22,93.13,60.44
2026-06-17,nongrab_oona,110.0,110.0,110.0,108.0,0.0,100.0,100.0,98.18,0.0
2026-06-17,nongrab_avrist,713.0,713.0,585.0,584.0,125.0,100.0,82.05,81.91,17.53
2026-06-17,nongrab_sinarmas,377.0,377.0,377.0,371.0,0.0,100.0,100.0,98.41,0.0
2026-06-17,grab_allrisk,33.0,33.0,33.0,27.0,0.0,100.0,100.0,81.82,0.0
2026-06-17,nongrab_allrisk,2294.0,2097.0,1883.0,1524.0,935.0,91.41,82.08,66.43,40.76
2026-06-18,grab_oona,3458.0,3458.0,3163.0,3146.0,1445.0,100.0,91.47,90.98,41.79
2026-06-18,grab_avrist,2205.0,2205.0,2049.0,2047.0,1320.0,100.0,92.93,92.83,59.86
2026-06-18,nongrab_oona,111.0,111.0,111.0,109.0,0.0,100.0,100.0,98.2,0.0
2026-06-18,nongrab_avrist,726.0,726.0,587.0,586.0,125.0,100.0,80.85,80.72,17.22
2026-06-18,nongrab_sinarmas,383.0,383.0,383.0,377.0,0.0,100.0,100.0,98.43,0.0
2026-06-18,grab_allrisk,33.0,33.0,33.0,27.0,0.0,100.0,100.0,81.82,0.0
2026-06-18,nongrab_allrisk,2316.0,2131.0,1884.0,1651.0,935.0,92.01,81.35,71.29,40.37
2026-06-19,grab_oona,3505.0,3505.0,3193.0,3175.0,1445.0,100.0,91.1,90.58,41.23
2026-06-19,grab_avrist,2227.0,2227.0,2069.0,2067.0,1320.0,100.0,92.91,92.82,59.27
2026-06-19,nongrab_oona,111.0,111.0,111.0,109.0,0.0,100.0,100.0,98.2,0.0
2026-06-19,nongrab_avrist,747.0,747.0,593.0,592.0,125.0,100.0,79.38,79.25,16.73
2026-06-19,nongrab_sinarmas,386.0,386.0,386.0,380.0,0.0,100.0,100.0,98.45,0.0
2026-06-19,grab_allrisk,34.0,34.0,34.0,27.0,0.0,100.0,100.0,79.41,0.0
2026-06-19,nongrab_allrisk,2338.0,2141.0,1938.0,1730.0,935.0,91.57,82.89,73.99,39.99
2026-06-20,grab_oona,3532.0,3532.0,3211.0,3193.0,1445.0,100.0,90.91,90.4,40.91
2026-06-20,grab_avrist,2236.0,2236.0,2077.0,2075.0,1320.0,100.0,92.89,92.8,59.03
2026-06-20,nongrab_oona,112.0,112.0,112.0,110.0,0.0,100.0,100.0,98.21,0.0
2026-06-20,nongrab_avrist,756.0,756.0,594.0,593.0,125.0,100.0,78.57,78.44,16.53
2026-06-20,nongrab_sinarmas,394.0,394.0,394.0,388.0,0.0,100.0,100.0,98.48,0.0
2026-06-20,grab_allrisk,34.0,34.0,34.0,27.0,0.0,100.0,100.0,79.41,0.0
2026-06-20,nongrab_allrisk,2348.0,2141.0,1938.0,1730.0,935.0,91.18,82.54,73.68,39.82
2026-06-21,grab_oona,3532.0,3532.0,3211.0,3193.0,1445.0,100.0,90.91,90.4,40.91
2026-06-21,grab_avrist,2236.0,2236.0,2077.0,2075.0,1320.0,100.0,92.89,92.8,59.03
2026-06-21,nongrab_oona,112.0,112.0,112.0,110.0,0.0,100.0,100.0,98.21,0.0
2026-06-21,nongrab_avrist,756.0,756.0,594.0,593.0,125.0,100.0,78.57,78.44,16.53
2026-06-21,nongrab_sinarmas,394.0,394.0,394.0,388.0,0.0,100.0,100.0,98.48,0.0
2026-06-21,grab_allrisk,34.0,34.0,34.0,27.0,0.0,100.0,100.0,79.41,0.0
2026-06-21,nongrab_allrisk,2348.0,2141.0,1938.0,1730.0,935.0,91.18,82.54,73.68,39.82
2026-06-22,grab_oona,3573.0,3573.0,3238.0,3218.0,1445.0,100.0,90.62,90.06,40.44
2026-06-22,grab_avrist,2253.0,2253.0,2092.0,2090.0,1320.0,100.0,92.85,92.77,58.59
2026-06-22,nongrab_oona,114.0,114.0,114.0,112.0,0.0,100.0,100.0,98.25,0.0
2026-06-22,nongrab_avrist,770.0,770.0,596.0,595.0,125.0,100.0,77.4,77.27,16.23
2026-06-22,nongrab_sinarmas,400.0,400.0,400.0,394.0,0.0,100.0,100.0,98.5,0.0
2026-06-22,grab_allrisk,36.0,36.0,36.0,27.0,0.0,100.0,100.0,75.0,0.0
2026-06-22,nongrab_allrisk,2367.0,2254.0,1938.0,1797.0,935.0,95.23,81.88,75.92,39.5
2026-06-23,grab_oona,3629.0,3629.0,3276.0,3256.0,1445.0,100.0,90.27,89.72,39.82
2026-06-23,grab_avrist,2279.0,2279.0,2114.0,2112.0,1320.0,100.0,92.76,92.67,57.92
2026-06-23,nongrab_oona,118.0,118.0,118.0,116.0,0.0,100.0,100.0,98.31,0.0
2026-06-23,nongrab_avrist,788.0,788.0,600.0,599.0,125.0,100.0,76.14,76.02,15.86
2026-06-23,nongrab_sinarmas,408.0,408.0,408.0,402.0,0.0,100.0,100.0,98.53,0.0
2026-06-23,grab_allrisk,36.0,36.0,36.0,27.0,0.0,100.0,100.0,75.0,0.0
2026-06-23,nongrab_allrisk,2397.0,2272.0,1968.0,1830.0,952.0,94.79,82.1,76.35,39.72
2026-06-24,grab_oona,3677.0,3677.0,3310.0,3289.0,1445.0,100.0,90.02,89.45,39.3
2026-06-24,grab_avrist,2299.0,2299.0,2129.0,2127.0,1320.0,100.0,92.61,92.52,57.42
2026-06-24,nongrab_oona,118.0,118.0,118.0,116.0,0.0,100.0,100.0,98.31,0.0
2026-06-24,nongrab_avrist,807.0,807.0,610.0,609.0,125.0,100.0,75.59,75.46,15.49
2026-06-24,nongrab_sinarmas,417.0,417.0,417.0,410.0,0.0,100.0,100.0,98.32,0.0
2026-06-24,grab_allrisk,36.0,36.0,36.0,27.0,0.0,100.0,100.0,75.0,0.0
2026-06-24,nongrab_allrisk,2417.0,2282.0,1968.0,1884.0,952.0,94.41,81.42,77.95,39.39
2026-06-25,grab_oona,3716.0,3716.0,3337.0,3304.0,1445.0,100.0,89.8,88.91,38.89
2026-06-25,grab_avrist,2309.0,2309.0,2137.0,2135.0,1320.0,100.0,92.55,92.46,57.17
2026-06-25,nongrab_oona,121.0,121.0,121.0,116.0,0.0,100.0,100.0,95.87,0.0
2026-06-25,nongrab_avrist,824.0,824.0,617.0,616.0,125.0,100.0,74.88,74.76,15.17
2026-06-25,nongrab_sinarmas,424.0,424.0,424.0,410.0,0.0,100.0,100.0,96.7,0.0
2026-06-25,grab_allrisk,38.0,38.0,38.0,27.0,0.0,100.0,100.0,71.05,0.0
2026-06-25,nongrab_allrisk,2430.0,2326.0,1968.0,1902.0,952.0,95.72,80.99,78.27,39.18
2026-06-26,grab_oona,3750.0,3750.0,3364.0,3321.0,1445.0,100.0,89.71,88.56,38.53
2026-06-26,grab_avrist,2327.0,2327.0,2152.0,2150.0,1320.0,100.0,92.48,92.39,56.73
2026-06-26,nongrab_oona,122.0,122.0,122.0,116.0,0.0,100.0,100.0,95.08,0.0
2026-06-26,nongrab_avrist,830.0,830.0,619.0,618.0,125.0,100.0,74.58,74.46,15.06
2026-06-26,nongrab_sinarmas,432.0,432.0,432.0,410.0,0.0,100.0,100.0,94.91,0.0
2026-06-26,grab_allrisk,39.0,39.0,39.0,27.0,0.0,100.0,100.0,69.23,0.0
2026-06-26,nongrab_allrisk,2449.0,2390.0,2028.0,1903.0,1037.0,97.59,82.81,77.71,42.34
2026-06-27,grab_oona,3777.0,3777.0,3381.0,3328.0,1445.0,100.0,89.52,88.11,38.26
2026-06-27,grab_avrist,2334.0,2334.0,2157.0,2155.0,1320.0,100.0,92.42,92.33,56.56
2026-06-27,nongrab_oona,125.0,125.0,125.0,116.0,0.0,100.0,100.0,92.8,0.0
2026-06-27,nongrab_avrist,840.0,840.0,621.0,620.0,125.0,100.0,73.93,73.81,14.88
2026-06-27,nongrab_sinarmas,439.0,439.0,439.0,410.0,0.0,100.0,100.0,93.39,0.0
2026-06-27,grab_allrisk,39.0,39.0,39.0,27.0,0.0,100.0,100.0,69.23,0.0
2026-06-27,nongrab_allrisk,2459.0,2390.0,2028.0,1903.0,1037.0,97.19,82.47,77.39,42.17
2026-06-28,grab_oona,3777.0,3777.0,3381.0,3328.0,1445.0,100.0,89.52,88.11,38.26
2026-06-28,grab_avrist,2334.0,2334.0,2157.0,2155.0,1320.0,100.0,92.42,92.33,56.56
2026-06-28,nongrab_oona,125.0,125.0,125.0,116.0,0.0,100.0,100.0,92.8,0.0
2026-06-28,nongrab_avrist,840.0,840.0,621.0,620.0,125.0,100.0,73.93,73.81,14.88
2026-06-28,nongrab_sinarmas,439.0,439.0,439.0,410.0,0.0,100.0,100.0,93.39,0.0
2026-06-28,grab_allrisk,39.0,39.0,39.0,27.0,0.0,100.0,100.0,69.23,0.0
2026-06-28,nongrab_allrisk,2459.0,2390.0,2028.0,1903.0,1037.0,97.19,82.47,77.39,42.17
2026-06-29,grab_oona,3817.0,3817.0,3405.0,3339.0,1445.0,100.0,89.21,87.48,37.86
2026-06-29,grab_avrist,2352.0,2352.0,2168.0,2163.0,1320.0,100.0,92.18,91.96,56.12
2026-06-29,nongrab_oona,127.0,127.0,127.0,116.0,0.0,100.0,100.0,91.34,0.0
2026-06-29,nongrab_avrist,852.0,852.0,624.0,623.0,125.0,100.0,73.24,73.12,14.67
2026-06-29,nongrab_sinarmas,447.0,447.0,447.0,410.0,0.0,100.0,100.0,91.72,0.0
2026-06-29,grab_allrisk,39.0,39.0,39.0,27.0,0.0,100.0,100.0,69.23,0.0
2026-06-29,nongrab_allrisk,2479.0,2400.0,2028.0,1966.0,1037.0,96.81,81.81,79.31,41.83
2026-06-30,grab_oona,3867.0,3867.0,3439.0,3359.0,1445.0,100.0,88.93,86.86,37.37
2026-06-30,grab_avrist,2370.0,2370.0,2181.0,2176.0,1320.0,100.0,92.03,91.81,55.7
2026-06-30,nongrab_oona,130.0,130.0,130.0,116.0,0.0,100.0,100.0,89.23,0.0
2026-06-30,nongrab_avrist,870.0,870.0,631.0,630.0,125.0,100.0,72.53,72.41,14.37
2026-06-30,nongrab_sinarmas,458.0,458.0,458.0,410.0,0.0,100.0,100.0,89.52,0.0
2026-06-30,grab_allrisk,39.0,39.0,39.0,27.0,0.0,100.0,100.0,69.23,0.0
2026-06-30,nongrab_allrisk,2500.0,2405.0,2063.0,1966.0,1037.0,96.2,82.52,78.64,41.48
2026-07-01,grab_oona,3906.0,3906.0,3468.0,3380.0,1445.0,100.0,88.79,86.53,36.99
2026-07-01,grab_avrist,2388.0,2388.0,2196.0,2191.0,1320.0,100.0,91.96,91.75,55.28
2026-07-01,nongrab_oona,132.0,132.0,132.0,116.0,0.0,100.0,100.0,87.88,0.0
2026-07-01,nongrab_avrist,882.0,882.0,637.0,636.0,125.0,100.0,72.22,72.11,14.17
2026-07-01,nongrab_sinarmas,465.0,465.0,464.0,410.0,0.0,100.0,99.78,88.17,0.0
2026-07-01,grab_allrisk,39.0,39.0,39.0,27.0,0.0,100.0,100.0,69.23,0.0
2026-07-01,nongrab_allrisk,2520.0,2428.0,2088.0,1985.0,1037.0,96.35,82.86,78.77,41.15
2026-07-02,grab_oona,3951.0,3951.0,3507.0,3411.0,1445.0,100.0,88.76,86.33,36.57
2026-07-02,grab_avrist,2407.0,2407.0,2212.0,2207.0,1320.0,100.0,91.9,91.69,54.84
2026-07-02,nongrab_oona,135.0,135.0,135.0,116.0,0.0,100.0,100.0,85.93,0.0
2026-07-02,nongrab_avrist,900.0,900.0,652.0,651.0,125.0,100.0,72.44,72.33,13.89
2026-07-02,nongrab_sinarmas,470.0,470.0,469.0,410.0,0.0,100.0,99.79,87.23,0.0
2026-07-02,grab_allrisk,39.0,39.0,39.0,27.0,0.0,100.0,100.0,69.23,0.0
2026-07-02,nongrab_allrisk,2542.0,2473.0,2105.0,1985.0,1037.0,97.29,82.81,78.09,40.79
2026-07-03,grab_oona,4009.0,4009.0,3557.0,3453.0,1445.0,100.0,88.73,86.13,36.04
2026-07-03,grab_avrist,2436.0,2436.0,2237.0,2232.0,1320.0,100.0,91.83,91.63,54.19
2026-07-03,nongrab_oona,135.0,135.0,135.0,116.0,0.0,100.0,100.0,85.93,0.0
2026-07-03,nongrab_avrist,921.0,921.0,669.0,668.0,125.0,100.0,72.64,72.53,13.57
2026-07-03,nongrab_sinarmas,478.0,478.0,477.0,410.0,0.0,100.0,99.79,85.77,0.0
2026-07-03,grab_allrisk,39.0,39.0,39.0,27.0,0.0,100.0,100.0,69.23,0.0
2026-07-03,nongrab_allrisk,2571.0,2473.0,2105.0,1985.0,1052.0,96.19,81.87,77.21,40.92
2026-07-04,grab_oona,4038.0,4038.0,3580.0,3467.0,1445.0,100.0,88.66,85.86,35.79
2026-07-04,grab_avrist,2444.0,2444.0,2243.0,2238.0,1320.0,100.0,91.78,91.57,54.01
2026-07-04,nongrab_oona,137.0,137.0,137.0,116.0,0.0,100.0,100.0,84.67,0.0
2026-07-04,nongrab_avrist,933.0,933.0,677.0,676.0,125.0,100.0,72.56,72.45,13.4
2026-07-04,nongrab_sinarmas,484.0,484.0,483.0,410.0,0.0,100.0,99.79,84.71,0.0
2026-07-04,grab_allrisk,40.0,40.0,40.0,27.0,0.0,100.0,100.0,67.5,0.0
2026-07-04,nongrab_allrisk,2581.0,2500.0,2142.0,1985.0,1052.0,96.86,82.99,76.91,40.76
2026-07-05,grab_oona,4038.0,4038.0,3580.0,3467.0,1445.0,100.0,88.66,85.86,35.79
2026-07-05,grab_avrist,2444.0,2444.0,2243.0,2238.0,1320.0,100.0,91.78,91.57,54.01
2026-07-05,nongrab_oona,137.0,137.0,137.0,116.0,0.0,100.0,100.0,84.67,0.0
2026-07-05,nongrab_avrist,933.0,933.0,677.0,676.0,125.0,100.0,72.56,72.45,13.4
2026-07-05,nongrab_sinarmas,484.0,484.0,483.0,410.0,0.0,100.0,99.79,84.71,0.0
2026-07-05,grab_allrisk,40.0,40.0,40.0,27.0,0.0,100.0,100.0,67.5,0.0
2026-07-05,nongrab_allrisk,2581.0,2520.0,2142.0,1985.0,1052.0,97.64,82.99,76.91,40.76
2026-07-06,grab_oona,4091.0,4091.0,3627.0,3500.0,1445.0,100.0,88.66,85.55,35.32
2026-07-06,grab_avrist,2466.0,2466.0,2265.0,2260.0,1320.0,100.0,91.85,91.65,53.53
2026-07-06,nongrab_oona,141.0,141.0,141.0,116.0,0.0,100.0,100.0,82.27,0.0
2026-07-06,nongrab_avrist,950.0,950.0,688.0,687.0,125.0,100.0,72.42,72.32,13.16
2026-07-06,nongrab_sinarmas,494.0,494.0,493.0,410.0,0.0,100.0,99.8,83.0,0.0
2026-07-06,grab_allrisk,40.0,40.0,40.0,27.0,0.0,100.0,100.0,67.5,0.0
2026-07-06,nongrab_allrisk,2607.0,2535.0,2195.0,2046.0,1052.0,97.24,84.2,78.48,40.35
2026-07-07,grab_oona,4138.0,4138.0,3661.0,3524.0,1445.0,100.0,88.47,85.16,34.92
2026-07-07,grab_avrist,2489.0,2489.0,2283.0,2275.0,1320.0,100.0,91.72,91.4,53.03
2026-07-07,nongrab_oona,143.0,143.0,143.0,116.0,0.0,100.0,100.0,81.12,0.0
2026-07-07,nongrab_avrist,967.0,967.0,697.0,696.0,125.0,100.0,72.08,71.98,12.93
2026-07-07,nongrab_sinarmas,498.0,498.0,497.0,410.0,0.0,100.0,99.8,82.33,0.0
2026-07-07,grab_allrisk,41.0,41.0,41.0,27.0,0.0,100.0,100.0,65.85,0.0
2026-07-07,nongrab_allrisk,2632.0,2562.0,2214.0,2046.0,1052.0,97.34,84.12,77.74,39.97
2026-07-08,grab_oona,4180.0,4180.0,3689.0,3543.0,1445.0,100.0,88.25,84.76,34.57
2026-07-08,grab_avrist,2508.0,2508.0,2294.0,2286.0,1320.0,100.0,91.47,91.15,52.63
2026-07-08,nongrab_oona,144.0,144.0,144.0,116.0,0.0,100.0,100.0,80.56,0.0
2026-07-08,nongrab_avrist,981.0,981.0,705.0,704.0,125.0,100.0,71.87,71.76,12.74
2026-07-08,nongrab_sinarmas,506.0,506.0,505.0,410.0,0.0,100.0,99.8,81.03,0.0
2026-07-08,grab_allrisk,41.0,41.0,41.0,27.0,0.0,100.0,100.0,65.85,0.0
2026-07-08,nongrab_allrisk,2652.0,2562.0,2226.0,2046.0,1105.0,96.61,83.94,77.15,41.67
2026-07-09,grab_oona,4236.0,4236.0,3722.0,3571.0,1445.0,100.0,87.87,84.3,34.11
2026-07-09,grab_avrist,2533.0,2533.0,2312.0,2304.0,1320.0,100.0,91.28,90.96,52.11
2026-07-09,nongrab_oona,144.0,144.0,144.0,116.0,0.0,100.0,100.0,80.56,0.0
2026-07-09,nongrab_avrist,1007.0,1007.0,715.0,714.0,125.0,100.0,71.0,70.9,12.41
2026-07-09,nongrab_sinarmas,511.0,511.0,510.0,410.0,0.0,100.0,99.8,80.23,0.0
2026-07-09,grab_allrisk,41.0,41.0,41.0,27.0,0.0,100.0,100.0,65.85,0.0
2026-07-09,nongrab_allrisk,2677.0,2578.0,2298.0,2095.0,1105.0,96.3,85.84,78.26,41.28
2026-07-10,grab_oona,4269.0,4269.0,3745.0,3590.0,1445.0,100.0,87.73,84.09,33.85
2026-07-10,grab_avrist,2547.0,2547.0,2324.0,2316.0,1320.0,100.0,91.24,90.93,51.83
2026-07-10,nongrab_oona,144.0,144.0,144.0,116.0,0.0,100.0,100.0,80.56,0.0
2026-07-10,nongrab_avrist,1022.0,1022.0,722.0,721.0,125.0,100.0,70.65,70.55,12.23
2026-07-10,nongrab_sinarmas,515.0,515.0,514.0,410.0,0.0,100.0,99.81,79.61,0.0
2026-07-10,grab_allrisk,41.0,41.0,41.0,27.0,0.0,100.0,100.0,65.85,0.0
2026-07-10,nongrab_allrisk,2691.0,2581.0,2305.0,2168.0,1144.0,95.91,85.66,80.56,42.51
2026-07-11,grab_oona,4301.0,4301.0,3761.0,3600.0,1445.0,100.0,87.44,83.7,33.6
2026-07-11,grab_avrist,2561.0,2561.0,2333.0,2325.0,1320.0,100.0,91.1,90.78,51.54
2026-07-11,nongrab_oona,144.0,144.0,144.0,116.0,0.0,100.0,100.0,80.56,0.0
2026-07-11,nongrab_avrist,1035.0,1035.0,724.0,722.0,125.0,100.0,69.95,69.76,12.08
2026-07-11,nongrab_sinarmas,520.0,520.0,519.0,410.0,0.0,100.0,99.81,78.85,0.0
2026-07-11,grab_allrisk,41.0,41.0,41.0,27.0,0.0,100.0,100.0,65.85,0.0
2026-07-11,nongrab_allrisk,2705.0,2584.0,2342.0,2168.0,1144.0,95.53,86.58,80.15,42.29
2026-07-12,grab_oona,4301.0,4301.0,3761.0,3600.0,1445.0,100.0,87.44,83.7,33.6
2026-07-12,grab_avrist,2561.0,2561.0,2333.0,2325.0,1320.0,100.0,91.1,90.78,51.54
2026-07-12,nongrab_oona,144.0,144.0,144.0,116.0,0.0,100.0,100.0,80.56,0.0
2026-07-12,nongrab_avrist,1035.0,1035.0,724.0,722.0,125.0,100.0,69.95,69.76,12.08
2026-07-12,nongrab_sinarmas,520.0,520.0,519.0,410.0,0.0,100.0,99.81,78.85,0.0
2026-07-12,grab_allrisk,41.0,41.0,41.0,27.0,0.0,100.0,100.0,65.85,0.0
2026-07-12,nongrab_allrisk,2705.0,2584.0,2342.0,2168.0,1144.0,95.53,86.58,80.15,42.29
2026-07-13,grab_oona,4347.0,4347.0,3790.0,3619.0,1445.0,100.0,87.19,83.25,33.24
2026-07-13,grab_avrist,2584.0,2584.0,2353.0,2343.0,1320.0,100.0,91.06,90.67,51.08
2026-07-13,nongrab_oona,145.0,145.0,145.0,116.0,0.0,100.0,100.0,80.0,0.0
2026-07-13,nongrab_avrist,1050.0,1050.0,725.0,723.0,125.0,100.0,69.05,68.86,11.9
2026-07-13,nongrab_sinarmas,526.0,526.0,525.0,410.0,0.0,100.0,99.81,77.95,0.0
2026-07-13,grab_allrisk,42.0,42.0,42.0,27.0,0.0,100.0,100.0,64.29,0.0
2026-07-13,nongrab_allrisk,2729.0,2639.0,2342.0,2171.0,1144.0,96.7,85.82,79.55,41.92
2026-07-14,grab_oona,4388.0,4388.0,3822.0,3630.0,1445.0,100.0,87.1,82.73,32.93
2026-07-14,grab_avrist,2601.0,2601.0,2366.0,2354.0,1320.0,100.0,90.97,90.5,50.75
2026-07-14,nongrab_oona,146.0,146.0,146.0,116.0,0.0,100.0,100.0,79.45,0.0
2026-07-14,nongrab_avrist,1061.0,1061.0,731.0,723.0,125.0,100.0,68.9,68.14,11.78
2026-07-14,nongrab_sinarmas,537.0,537.0,536.0,410.0,0.0,100.0,99.81,76.35,0.0
2026-07-14,grab_allrisk,43.0,43.0,43.0,27.0,0.0,100.0,100.0,62.79,0.0
2026-07-14,nongrab_allrisk,2747.0,2684.0,2353.0,2253.0,1144.0,97.71,85.66,82.02,41.65
2026-07-15,grab_oona,4443.0,4443.0,3854.0,3646.0,1445.0,100.0,86.74,82.06,32.52
2026-07-15,grab_avrist,2628.0,2628.0,2383.0,2370.0,1320.0,100.0,90.68,90.18,50.23
2026-07-15,nongrab_oona,153.0,153.0,153.0,116.0,0.0,100.0,100.0,75.82,0.0
2026-07-15,nongrab_avrist,1077.0,1077.0,734.0,723.0,125.0,100.0,68.15,67.13,11.61
2026-07-15,nongrab_sinarmas,542.0,542.0,541.0,410.0,0.0,100.0,99.82,75.65,0.0
2026-07-15,grab_allrisk,43.0,43.0,43.0,27.0,0.0,100.0,100.0,62.79,0.0
2026-07-15,nongrab_allrisk,2781.0,2685.0,2460.0,2285.0,1278.0,96.55,88.46,82.16,45.95
2026-07-16,grab_oona,4480.0,4480.0,3875.0,3655.0,1445.0,100.0,86.5,81.58,32.25
2026-07-16,grab_avrist,2642.0,2642.0,2392.0,2379.0,1320.0,100.0,90.54,90.05,49.96
2026-07-16,nongrab_oona,154.0,154.0,154.0,116.0,0.0,100.0,100.0,75.32,0.0
2026-07-16,nongrab_avrist,1094.0,1094.0,740.0,723.0,125.0,100.0,67.64,66.09,11.43
2026-07-16,nongrab_sinarmas,546.0,546.0,545.0,410.0,0.0,100.0,99.82,75.09,0.0
2026-07-16,grab_allrisk,44.0,44.0,44.0,27.0,0.0,100.0,100.0,61.36,0.0
2026-07-16,nongrab_allrisk,2796.0,2723.0,2462.0,2315.0,1298.0,97.39,88.05,82.8,46.42
2026-07-17,grab_oona,4523.0,4523.0,3897.0,3666.0,1445.0,100.0,86.16,81.05,31.95
2026-07-17,grab_avrist,2663.0,2663.0,2406.0,2390.0,1320.0,100.0,90.35,89.75,49.57
2026-07-17,nongrab_oona,155.0,155.0,155.0,116.0,0.0,100.0,100.0,74.84,0.0
2026-07-17,nongrab_avrist,1110.0,1110.0,742.0,723.0,125.0,100.0,66.85,65.14,11.26
2026-07-17,nongrab_sinarmas,551.0,551.0,550.0,410.0,0.0,100.0,99.82,74.41,0.0
2026-07-17,grab_allrisk,44.0,44.0,44.0,27.0,0.0,100.0,100.0,61.36,0.0
2026-07-17,nongrab_allrisk,2818.0,2727.0,2462.0,2362.0,1315.0,96.77,87.37,83.82,46.66
2026-07-18,grab_oona,4551.0,4551.0,3919.0,3673.0,1445.0,100.0,86.11,80.71,31.75
2026-07-18,grab_avrist,2671.0,2671.0,2413.0,2397.0,1320.0,100.0,90.34,89.74,49.42
2026-07-18,nongrab_oona,158.0,158.0,158.0,116.0,0.0,100.0,100.0,73.42,0.0
2026-07-18,nongrab_avrist,1116.0,1116.0,743.0,723.0,125.0,100.0,66.58,64.78,11.2
2026-07-18,nongrab_sinarmas,562.0,562.0,561.0,410.0,0.0,100.0,99.82,72.95,0.0
2026-07-18,grab_allrisk,44.0,44.0,44.0,27.0,0.0,100.0,100.0,61.36,0.0
2026-07-18,nongrab_allrisk,2829.0,2758.0,2484.0,2362.0,1315.0,97.49,87.8,83.49,46.48
2026-07-19,grab_oona,4551.0,4551.0,3919.0,3673.0,1445.0,100.0,86.11,80.71,31.75
2026-07-19,grab_avrist,2671.0,2671.0,2413.0,2397.0,1320.0,100.0,90.34,89.74,49.42
2026-07-19,nongrab_oona,158.0,158.0,158.0,116.0,0.0,100.0,100.0,73.42,0.0
2026-07-19,nongrab_avrist,1116.0,1116.0,743.0,723.0,125.0,100.0,66.58,64.78,11.2
2026-07-19,nongrab_sinarmas,562.0,562.0,561.0,410.0,0.0,100.0,99.82,72.95,0.0
2026-07-19,grab_allrisk,44.0,44.0,44.0,27.0,0.0,100.0,100.0,61.36,0.0
2026-07-19,nongrab_allrisk,2829.0,2758.0,2484.0,2362.0,1315.0,97.49,87.8,83.49,46.48
2026-07-20,grab_oona,4599.0,4598.0,3948.0,3690.0,1445.0,99.98,85.84,80.23,31.42
2026-07-20,grab_avrist,2692.0,2691.0,2430.0,2414.0,1320.0,99.96,90.27,89.67,49.03
2026-07-20,nongrab_oona,159.0,159.0,159.0,116.0,0.0,100.0,100.0,72.96,0.0
2026-07-20,nongrab_avrist,1134.0,1134.0,746.0,723.0,125.0,100.0,65.78,63.76,11.02
2026-07-20,nongrab_sinarmas,570.0,570.0,569.0,410.0,0.0,100.0,99.82,71.93,0.0
2026-07-20,grab_allrisk,44.0,44.0,44.0,27.0,0.0,100.0,100.0,61.36,0.0
2026-07-20,nongrab_allrisk,2851.0,2779.0,2509.0,2441.0,1315.0,97.47,88.0,85.62,46.12
2026-07-21,grab_oona,4665.0,4664.0,3990.0,3700.0,1445.0,99.98,85.53,79.31,30.98
2026-07-21,grab_avrist,2725.0,2724.0,2455.0,2424.0,1320.0,99.96,90.09,88.95,48.44
2026-07-21,nongrab_oona,163.0,163.0,163.0,116.0,0.0,100.0,100.0,71.17,0.0
2026-07-21,nongrab_avrist,1154.0,1154.0,750.0,723.0,125.0,100.0,64.99,62.65,10.83
2026-07-21,nongrab_sinarmas,579.0,579.0,578.0,410.0,0.0,100.0,99.83,70.81,0.0
2026-07-21,grab_allrisk,44.0,44.0,44.0,27.0,0.0,100.0,100.0,61.36,0.0
2026-07-21,nongrab_allrisk,2888.0,2783.0,2524.0,2504.0,1316.0,96.36,87.4,86.7,45.57
2026-07-22,grab_oona,4716.0,4713.0,4018.0,3702.0,1445.0,99.94,85.2,78.5,30.64
2026-07-22,grab_avrist,2748.0,2745.0,2470.0,2426.0,1320.0,99.89,89.88,88.28,48.03
2026-07-22,nongrab_oona,165.0,165.0,163.0,116.0,0.0,100.0,98.79,70.3,0.0
2026-07-22,nongrab_avrist,1169.0,1169.0,752.0,723.0,125.0,100.0,64.33,61.85,10.69
2026-07-22,nongrab_sinarmas,590.0,590.0,589.0,410.0,0.0,100.0,99.83,69.49,0.0
2026-07-22,grab_allrisk,44.0,44.0,44.0,27.0,0.0,100.0,100.0,61.36,0.0
2026-07-22,nongrab_allrisk,2913.0,2835.0,2552.0,2504.0,1316.0,97.32,87.61,85.96,45.18
2026-07-23,grab_oona,4769.0,4764.0,4037.0,3702.0,1445.0,99.9,84.65,77.63,30.3
2026-07-23,grab_avrist,2774.0,2769.0,2479.0,2426.0,1320.0,99.82,89.37,87.45,47.58
2026-07-23,nongrab_oona,170.0,170.0,163.0,116.0,0.0,100.0,95.88,68.24,0.0
2026-07-23,nongrab_avrist,1181.0,1181.0,753.0,723.0,125.0,100.0,63.76,61.22,10.58
2026-07-23,nongrab_sinarmas,599.0,599.0,598.0,410.0,0.0,100.0,99.83,68.45,0.0
2026-07-23,grab_allrisk,45.0,45.0,44.0,27.0,0.0,100.0,97.78,60.0,0.0
2026-07-23,nongrab_allrisk,2944.0,2839.0,2555.0,2504.0,1316.0,96.43,86.79,85.05,44.7
2026-07-24,grab_oona,4797.0,4790.0,4042.0,3702.0,1445.0,99.85,84.26,77.17,30.12
2026-07-24,grab_avrist,2789.0,2782.0,2479.0,2426.0,1320.0,99.75,88.88,86.98,47.33
2026-07-24,nongrab_oona,173.0,173.0,163.0,116.0,0.0,100.0,94.22,67.05,0.0
2026-07-24,nongrab_avrist,1186.0,1186.0,754.0,723.0,125.0,100.0,63.58,60.96,10.54
2026-07-24,nongrab_sinarmas,604.0,604.0,602.0,410.0,0.0,100.0,99.67,67.88,0.0
2026-07-24,grab_allrisk,45.0,45.0,44.0,27.0,0.0,100.0,97.78,60.0,0.0
2026-07-24,nongrab_allrisk,2962.0,2869.0,2569.0,2504.0,1316.0,96.86,86.73,84.54,44.43
